[null,{"name":"Banir","permissions":"BAN_MEMBERS","permissions2":"NONE","restriction":"1","_id":"ynGUl","actions":[{"member":"1","varName":"","info":"2","storage":"1","varName2":"nomedobanidor","name":"Store Member Info"},{"title":"Você foi banido!","author":"","color":"","timestamp":"false","url":"","authorIcon":"","imageUrl":"","thumbUrl":"","storage":"1","varName":"embedbantouser","name":"Create Embed Message"},{"storage":"1","varName":"embedbantouser","message":"Você foi banido por: ${tempVars(\"nomedobanidor\")}\nMotivo: ${slashParams(\"Motivo\")}","name":"Set Embed Description"},{"storage":"1","varName":"embedbantouser","channel":"2","varName2":"","storage3":"0","varName3":"","name":"Send Embed Message"},{"member":"0","varName":"","reason":"${slashParams(\"Motivo\")}","days":"${slashParams(\"Apagar-Mensagens?\")}","name":"Ban Member"},{"title":"Usuário banido!","author":"","color":"","timestamp":"false","url":"","authorIcon":"","imageUrl":"","thumbUrl":"","storage":"1","varName":"embedban","name":"Create Embed Message"},{"storage":"1","varName":"embedban","message":"${slashParams(\"Usuario\")} foi banido por ${tempVars(\"nomedobanidor\")}\nMotivo: ${slashParams(\"Motivo\")}","name":"Set Embed Description"},{"storage":"1","varName":"embedban","channel":"103","varName2":"${serverVars(\"punicoes\")}","storage3":"0","varName3":"","name":"Send Embed Message"}],"comType":"4","description":"Bane a pessoa marcada","parameters":[{"name":"Usuario","description":"Usuário","type":"USER","required":true,"choices":null},{"name":"Motivo","description":"Coloque o motivo","type":"STRING","required":true,"choices":null}]},{"name":"Apagar","permissions":"MANAGE_CHANNELS","permissions2":"NONE","restriction":"1","_id":"YFDKn","actions":[{"channel":"0","count":"${slashParams(\"Quantidade\")}","condition":"0","custom":"","varName":"","name":"Delete Bulk Messages"},{"title":"Mensagens apagadas!","author":"","color":"","timestamp":"false","url":"","authorIcon":"","imageUrl":"","thumbUrl":"","storage":"1","varName":"embedapagado","name":"Create Embed Message"},{"storage":"1","varName":"embedapagado","message":"${slashParams(\"Quantidade\")} mensagens foram apagadas com sucesso!","name":"Set Embed Description"},{"storage":"1","varName":"embedapagado","channel":"0","varName2":"","storage3":"0","varName3":"","name":"Send Embed Message"}],"comType":"4","description":"Apaga mensagens de um chat","parameters":[{"name":"Quantidade","description":"Número de mensagens para apagar","type":"INTEGER","required":true,"choices":null}]},{"name":"Expulsar","permissions":"KICK_MEMBERS","permissions2":"NONE","restriction":"1","_id":"JxFmx","actions":[{"member":"1","varName":"","info":"2","storage":"1","varName2":"memkick","name":"Store Member Info"},{"title":"Você foi expulso do servidor!","author":"","color":"","timestamp":"false","url":"","authorIcon":"","imageUrl":"","thumbUrl":"","storage":"1","varName":"embedoexpulsado","name":"Create Embed Message"},{"storage":"1","varName":"embedoexpulsado","message":"Você foi expulso por ${tempVars(\"memkick\")}\nMotivo: ${slashParams(\"Motivo\")}","name":"Set Embed Description"},{"storage":"1","varName":"embedoexpulsado","channel":"2","varName2":"","storage3":"0","varName3":"","name":"Send Embed Message"},{"member":"0","varName":"","reason":"${slashParams(\"Motivo\")}","name":"Kick Member"},{"title":"Usuário expulso!","author":"","color":"","timestamp":"false","url":"","authorIcon":"","imageUrl":"","thumbUrl":"","storage":"1","varName":"embedexpulsado","name":"Create Embed Message"},{"storage":"1","varName":"embedexpulsado","message":"${tempVars(\"memkick\")} expulsou ${slashParams(\"Usuário\")}\nMotivo: ${slashParams(\"Motivo\")}\n ","name":"Set Embed Description"},{"storage":"1","varName":"embedexpulsado","channel":"103","varName2":"${serverVars(\"punicoes\")}","storage3":"0","varName3":"","name":"Send Embed Message"}],"comType":"4","description":"Expulse alguém do servidor","parameters":[{"name":"Usuário","description":"Coloque quem você quer expulsar.","type":"USER","required":true,"choices":null},{"name":"Motivo","description":"Escreva o motivo para expulsar o usuário.","type":"STRING","required":true,"choices":null}]},{"name":"Ajuda","permissions":"NONE","permissions2":"NONE","restriction":"1","_id":"ubEHX","actions":[{"title":"Ajuda","author":"","color":"","timestamp":"false","url":"","authorIcon":"","imageUrl":"","thumbUrl":"","storage":"1","varName":"embedhelp","name":"Create Embed Message"},{"storage":"1","varName":"embedhelp","message":"Por enquanto eu tenho os seguintes comandos:\n/Adeus,/BemVindo,/Punicoes (Canal): Altera os canais que receberão alterações do bot\n/Ajuda: Exibe a lista de comandos exibida agora.\n/Apagar (número de mensagens para serem apagadas): Apaga o número citado de mensagens.\n/Avatar (Usuário): Rouba a foto de alguém\n/Banir (usuário que irá ser banido) (motivo): Bane um usuário do servidor e exibe que foi banido no servidor e na D.M. do usuário (também exibe por quem o usuário sofreu a ação).\n/Bloquear (Canal) (Motivo): Bloqueia um canal de texto\n/Castigar (Usuário) (Tempo) (Motivo): Castiga um usuário do servidor\n/Desbloquear (Canal) : Desbloqueia um canal de texto\n/Erro : Informações confidenciais\n/Expulsar (usuário) (motivo): Expulsa um usuário e também aparece que foi expulso na D.M. e no servidor.\n/TeamBassline : Mensagem automática sobre nossa equipe","name":"Set Embed Description"},{"storage":"1","varName":"embedhelp","channel":"0","varName2":"","storage3":"0","varName3":"","name":"Send Embed Message"}],"comType":"4","description":"Mostra a lista de comandos do bot"},{"name":"Castigar","permissions":"MODERATE_MEMBERS","permissions2":"NONE","restriction":"1","_id":"tgQQv","actions":[{"member":"1","varName":"","info":"2","storage":"1","varName2":"bejao","name":"Store Member Info"},{"title":"Usuário castigado","author":"","color":"","timestamp":"false","url":"","authorIcon":"","imageUrl":"","thumbUrl":"","storage":"1","varName":"bengay","name":"Create Embed Message"},{"member":"0","varName":"","time":"${slashParams(\"Tempo\")}","reason":"${slashParams(\"Motivo\")}","name":"Timeout Member"},{"storage":"1","varName":"bengay","message":"${slashParams(\"Usuário\")} foi castigado por ${tempVars(\"bejao\")}\nMotivo: ${slashParams(\"Motivo\")}\nTempo: ${slashParams(\"Tempo\")}","name":"Set Embed Description"},{"storage":"1","varName":"bengay","channel":"103","varName2":"${serverVars(\"punicoes\")}","storage3":"0","varName3":"","name":"Send Embed Message"}],"comType":"4","description":"Castiga algum usuário do servidor","parameters":[{"name":"Usuário","description":"A conta que merece ser castigada","type":"USER","required":true,"choices":null},{"name":"Tempo","description":"Coloque o tempo do castigo (em segundos)","type":"INTEGER","required":true,"choices":null},{"name":"Motivo","description":"Coloque o motivo do castigo","type":"STRING","required":true,"choices":null}]},{"name":"Erro","permissions":"ADMINISTRATOR","permissions2":"NONE","restriction":"1","_id":"HSuDU","actions":[{"channel":"0","varName":"","message":"${slashParams(\"Texto\")}🤨🧐🔇📢","buttons":[],"selectMenus":[],"attachments":[],"embeds":[],"reply":true,"ephemeral":false,"tts":false,"overwrite":false,"dontSend":false,"editMessage":"0","editMessageVarName":"","storage":"0","varName2":"","name":"Send Message"},{"channel":"0","varName":"","message":"${slashParams(\"Texto\")}🤨🧐🔇📢","buttons":[],"selectMenus":[],"attachments":[],"embeds":[],"reply":true,"ephemeral":false,"tts":false,"overwrite":false,"dontSend":false,"editMessage":"0","editMessageVarName":"","storage":"0","varName2":"","name":"Send Message"},{"channel":"0","varName":"","message":"${slashParams(\"Texto\")}🤨🧐🔇📢","buttons":[],"selectMenus":[],"attachments":[],"embeds":[],"reply":true,"ephemeral":false,"tts":false,"overwrite":false,"dontSend":false,"editMessage":"0","editMessageVarName":"","storage":"0","varName2":"","name":"Send Message"},{"channel":"0","varName":"","message":"${slashParams(\"Texto\")}🤨🧐🔇📢","buttons":[],"selectMenus":[],"attachments":[],"embeds":[],"reply":true,"ephemeral":false,"tts":false,"overwrite":false,"dontSend":false,"editMessage":"0","editMessageVarName":"","storage":"0","varName2":"","name":"Send Message"},{"channel":"0","varName":"","message":"${slashParams(\"Texto\")}🤨🧐🔇📢","buttons":[],"selectMenus":[],"attachments":[],"embeds":[],"reply":true,"ephemeral":false,"tts":false,"overwrite":false,"dontSend":false,"editMessage":"0","editMessageVarName":"","storage":"0","varName2":"","name":"Send Message"},{"channel":"0","varName":"","message":"${slashParams(\"Texto\")}🤨🧐🔇📢","buttons":[],"selectMenus":[],"attachments":[],"embeds":[],"reply":true,"ephemeral":false,"tts":false,"overwrite":false,"dontSend":false,"editMessage":"0","editMessageVarName":"","storage":"0","varName2":"","name":"Send Message"},{"channel":"0","varName":"","message":"${slashParams(\"Texto\")}🤨🧐🔇📢","buttons":[],"selectMenus":[],"attachments":[],"embeds":[],"reply":true,"ephemeral":false,"tts":false,"overwrite":false,"dontSend":false,"editMessage":"0","editMessageVarName":"","storage":"0","varName2":"","name":"Send Message"},{"channel":"0","varName":"","message":"${slashParams(\"Texto\")}🤨🧐🔇📢","buttons":[],"selectMenus":[],"attachments":[],"embeds":[],"reply":true,"ephemeral":false,"tts":false,"overwrite":false,"dontSend":false,"editMessage":"0","editMessageVarName":"","storage":"0","varName2":"","name":"Send Message"},{"channel":"0","varName":"","message":"${slashParams(\"Texto\")}🤨🧐🔇📢","buttons":[],"selectMenus":[],"attachments":[],"embeds":[],"reply":true,"ephemeral":false,"tts":false,"overwrite":false,"dontSend":false,"editMessage":"0","editMessageVarName":"","storage":"0","varName2":"","name":"Send Message"},{"channel":"0","varName":"","message":"${slashParams(\"Texto\")}🤨🧐🔇📢","buttons":[],"selectMenus":[],"attachments":[],"embeds":[],"reply":true,"ephemeral":false,"tts":false,"overwrite":false,"dontSend":false,"editMessage":"0","editMessageVarName":"","storage":"0","varName2":"","name":"Send Message"},{"channel":"0","varName":"","message":"${slashParams(\"Texto\")}🤨🧐🔇📢","buttons":[],"selectMenus":[],"attachments":[],"embeds":[],"reply":true,"ephemeral":false,"tts":false,"overwrite":false,"dontSend":false,"editMessage":"0","editMessageVarName":"","storage":"0","varName2":"","name":"Send Message"},{"channel":"0","varName":"","message":"${slashParams(\"Texto\")}🤨🧐🔇📢","buttons":[],"selectMenus":[],"attachments":[],"embeds":[],"reply":true,"ephemeral":false,"tts":false,"overwrite":false,"dontSend":false,"editMessage":"0","editMessageVarName":"","storage":"0","varName2":"","name":"Send Message"},{"channel":"0","varName":"","message":"${slashParams(\"Texto\")}🤨🧐🔇📢","buttons":[],"selectMenus":[],"attachments":[],"embeds":[],"reply":true,"ephemeral":false,"tts":false,"overwrite":false,"dontSend":false,"editMessage":"0","editMessageVarName":"","storage":"0","varName2":"","name":"Send Message"},{"channel":"0","varName":"","message":"${slashParams(\"Texto\")}🤨🧐🔇📢","buttons":[],"selectMenus":[],"attachments":[],"embeds":[],"reply":true,"ephemeral":false,"tts":false,"overwrite":false,"dontSend":false,"editMessage":"0","editMessageVarName":"","storage":"0","varName2":"","name":"Send Message"},{"channel":"0","varName":"","message":"${slashParams(\"Texto\")}🤨🧐🔇📢","buttons":[],"selectMenus":[],"attachments":[],"embeds":[],"reply":true,"ephemeral":false,"tts":false,"overwrite":false,"dontSend":false,"editMessage":"0","editMessageVarName":"","storage":"0","varName2":"","name":"Send Message"},{"channel":"0","varName":"","message":"${slashParams(\"Texto\")}🤨🧐🔇📢","buttons":[],"selectMenus":[],"attachments":[],"embeds":[],"reply":true,"ephemeral":false,"tts":false,"overwrite":false,"dontSend":false,"editMessage":"0","editMessageVarName":"","storage":"0","varName2":"","name":"Send Message"},{"channel":"0","varName":"","message":"${slashParams(\"Texto\")}🤨🧐🔇📢","buttons":[],"selectMenus":[],"attachments":[],"embeds":[],"reply":true,"ephemeral":false,"tts":false,"overwrite":false,"dontSend":false,"editMessage":"0","editMessageVarName":"","storage":"0","varName2":"","name":"Send Message"},{"channel":"0","varName":"","message":"${slashParams(\"Texto\")}🤨🧐🔇📢","buttons":[],"selectMenus":[],"attachments":[],"embeds":[],"reply":true,"ephemeral":false,"tts":false,"overwrite":false,"dontSend":false,"editMessage":"0","editMessageVarName":"","storage":"0","varName2":"","name":"Send Message"},{"channel":"0","varName":"","message":"${slashParams(\"Texto\")}🤨🧐🔇📢","buttons":[],"selectMenus":[],"attachments":[],"embeds":[],"reply":true,"ephemeral":false,"tts":false,"overwrite":false,"dontSend":false,"editMessage":"0","editMessageVarName":"","storage":"0","varName2":"","name":"Send Message"},{"channel":"0","varName":"","message":"${slashParams(\"Texto\")}🤨🧐🔇📢","buttons":[],"selectMenus":[],"attachments":[],"embeds":[],"reply":true,"ephemeral":false,"tts":false,"overwrite":false,"dontSend":false,"editMessage":"0","editMessageVarName":"","storage":"0","varName2":"","name":"Send Message"},{"channel":"0","varName":"","message":"${slashParams(\"Texto\")}🤨🧐🔇📢","buttons":[],"selectMenus":[],"attachments":[],"embeds":[],"reply":true,"ephemeral":false,"tts":false,"overwrite":false,"dontSend":false,"editMessage":"0","editMessageVarName":"","storage":"0","varName2":"","name":"Send Message"},{"channel":"0","varName":"","message":"${slashParams(\"Texto\")}🤨🧐🔇📢","buttons":[],"selectMenus":[],"attachments":[],"embeds":[],"reply":true,"ephemeral":false,"tts":false,"overwrite":false,"dontSend":false,"editMessage":"0","editMessageVarName":"","storage":"0","varName2":"","name":"Send Message"},{"channel":"0","varName":"","message":"${slashParams(\"Texto\")}🤨🧐🔇📢","buttons":[],"selectMenus":[],"attachments":[],"embeds":[],"reply":true,"ephemeral":false,"tts":false,"overwrite":false,"dontSend":false,"editMessage":"0","editMessageVarName":"","storage":"0","varName2":"","name":"Send Message"},{"channel":"0","varName":"","message":"${slashParams(\"Texto\")}🤨🧐🔇📢","buttons":[],"selectMenus":[],"attachments":[],"embeds":[],"reply":true,"ephemeral":false,"tts":false,"overwrite":false,"dontSend":false,"editMessage":"0","editMessageVarName":"","storage":"0","varName2":"","name":"Send Message"},{"channel":"0","varName":"","message":"${slashParams(\"Texto\")}🤨🧐🔇📢","buttons":[],"selectMenus":[],"attachments":[],"embeds":[],"reply":true,"ephemeral":false,"tts":false,"overwrite":false,"dontSend":false,"editMessage":"0","editMessageVarName":"","storage":"0","varName2":"","name":"Send Message"},{"channel":"0","varName":"","message":"${slashParams(\"Texto\")}🤨🧐🔇📢","buttons":[],"selectMenus":[],"attachments":[],"embeds":[],"reply":true,"ephemeral":false,"tts":false,"overwrite":false,"dontSend":false,"editMessage":"0","editMessageVarName":"","storage":"0","varName2":"","name":"Send Message"},{"channel":"0","varName":"","message":"${slashParams(\"Texto\")}🤨🧐🔇📢","buttons":[],"selectMenus":[],"attachments":[],"embeds":[],"reply":true,"ephemeral":false,"tts":false,"overwrite":false,"dontSend":false,"editMessage":"0","editMessageVarName":"","storage":"0","varName2":"","name":"Send Message"},{"channel":"0","varName":"","message":"${slashParams(\"Texto\")}🤨🧐🔇📢","buttons":[],"selectMenus":[],"attachments":[],"embeds":[],"reply":true,"ephemeral":false,"tts":false,"overwrite":false,"dontSend":false,"editMessage":"0","editMessageVarName":"","storage":"0","varName2":"","name":"Send Message"},{"channel":"0","varName":"","message":"${slashParams(\"Texto\")}🤨🧐🔇📢","buttons":[],"selectMenus":[],"attachments":[],"embeds":[],"reply":true,"ephemeral":false,"tts":false,"overwrite":false,"dontSend":false,"editMessage":"0","editMessageVarName":"","storage":"0","varName2":"","name":"Send Message"},{"channel":"0","varName":"","message":"${slashParams(\"Texto\")}🤨🧐🔇📢","buttons":[],"selectMenus":[],"attachments":[],"embeds":[],"reply":true,"ephemeral":false,"tts":false,"overwrite":false,"dontSend":false,"editMessage":"0","editMessageVarName":"","storage":"0","varName2":"","name":"Send Message"},{"channel":"0","varName":"","message":"${slashParams(\"Texto\")}🤨🧐🔇📢","buttons":[],"selectMenus":[],"attachments":[],"embeds":[],"reply":true,"ephemeral":false,"tts":false,"overwrite":false,"dontSend":false,"editMessage":"0","editMessageVarName":"","storage":"0","varName2":"","name":"Send Message"},{"channel":"0","varName":"","message":"${slashParams(\"Texto\")}🤨🧐🔇📢","buttons":[],"selectMenus":[],"attachments":[],"embeds":[],"reply":true,"ephemeral":false,"tts":false,"overwrite":false,"dontSend":false,"editMessage":"0","editMessageVarName":"","storage":"0","varName2":"","name":"Send Message"},{"channel":"0","varName":"","message":"${slashParams(\"Texto\")}🤨🧐🔇📢","buttons":[],"selectMenus":[],"attachments":[],"embeds":[],"reply":true,"ephemeral":false,"tts":false,"overwrite":false,"dontSend":false,"editMessage":"0","editMessageVarName":"","storage":"0","varName2":"","name":"Send Message"},{"channel":"0","varName":"","message":"${slashParams(\"Texto\")}🤨🧐🔇📢","buttons":[],"selectMenus":[],"attachments":[],"embeds":[],"reply":true,"ephemeral":false,"tts":false,"overwrite":false,"dontSend":false,"editMessage":"0","editMessageVarName":"","storage":"0","varName2":"","name":"Send Message"},{"channel":"0","varName":"","message":"${slashParams(\"Texto\")}🤨🧐🔇📢","buttons":[],"selectMenus":[],"attachments":[],"embeds":[],"reply":true,"ephemeral":false,"tts":false,"overwrite":false,"dontSend":false,"editMessage":"0","editMessageVarName":"","storage":"0","varName2":"","name":"Send Message"},{"channel":"0","varName":"","message":"${slashParams(\"Texto\")}🤨🧐🔇📢","buttons":[],"selectMenus":[],"attachments":[],"embeds":[],"reply":true,"ephemeral":false,"tts":false,"overwrite":false,"dontSend":false,"editMessage":"0","editMessageVarName":"","storage":"0","varName2":"","name":"Send Message"},{"channel":"0","varName":"","message":"${slashParams(\"Texto\")}🤨🧐🔇📢","buttons":[],"selectMenus":[],"attachments":[],"embeds":[],"reply":true,"ephemeral":false,"tts":false,"overwrite":false,"dontSend":false,"editMessage":"0","editMessageVarName":"","storage":"0","varName2":"","name":"Send Message"},{"channel":"0","varName":"","message":"${slashParams(\"Texto\")}🤨🧐🔇📢","buttons":[],"selectMenus":[],"attachments":[],"embeds":[],"reply":true,"ephemeral":false,"tts":false,"overwrite":false,"dontSend":false,"editMessage":"0","editMessageVarName":"","storage":"0","varName2":"","name":"Send Message"},{"channel":"0","varName":"","message":"${slashParams(\"Texto\")}🤨🧐🔇📢","buttons":[],"selectMenus":[],"attachments":[],"embeds":[],"reply":true,"ephemeral":false,"tts":false,"overwrite":false,"dontSend":false,"editMessage":"0","editMessageVarName":"","storage":"0","varName2":"","name":"Send Message"},{"channel":"0","varName":"","message":"${slashParams(\"Texto\")}🤨🧐🔇📢","buttons":[],"selectMenus":[],"attachments":[],"embeds":[],"reply":true,"ephemeral":false,"tts":false,"overwrite":false,"dontSend":false,"editMessage":"0","editMessageVarName":"","storage":"0","varName2":"","name":"Send Message"},{"channel":"0","varName":"","message":"${slashParams(\"Texto\")}🤨🧐🔇📢","buttons":[],"selectMenus":[],"attachments":[],"embeds":[],"reply":true,"ephemeral":false,"tts":false,"overwrite":false,"dontSend":false,"editMessage":"0","editMessageVarName":"","storage":"0","varName2":"","name":"Send Message"},{"channel":"0","varName":"","message":"${slashParams(\"Texto\")}🤨🧐🔇📢","buttons":[],"selectMenus":[],"attachments":[],"embeds":[],"reply":true,"ephemeral":false,"tts":false,"overwrite":false,"dontSend":false,"editMessage":"0","editMessageVarName":"","storage":"0","varName2":"","name":"Send Message"},{"channel":"0","varName":"","message":"${slashParams(\"Texto\")}🤨🧐🔇📢","buttons":[],"selectMenus":[],"attachments":[],"embeds":[],"reply":true,"ephemeral":false,"tts":false,"overwrite":false,"dontSend":false,"editMessage":"0","editMessageVarName":"","storage":"0","varName2":"","name":"Send Message"},{"channel":"0","varName":"","message":"${slashParams(\"Texto\")}🤨🧐🔇📢","buttons":[],"selectMenus":[],"attachments":[],"embeds":[],"reply":true,"ephemeral":false,"tts":false,"overwrite":false,"dontSend":false,"editMessage":"0","editMessageVarName":"","storage":"0","varName2":"","name":"Send Message"},{"channel":"0","varName":"","message":"${slashParams(\"Texto\")}🤨🧐🔇📢","buttons":[],"selectMenus":[],"attachments":[],"embeds":[],"reply":true,"ephemeral":false,"tts":false,"overwrite":false,"dontSend":false,"editMessage":"0","editMessageVarName":"","storage":"0","varName2":"","name":"Send Message"},{"channel":"0","varName":"","message":"${slashParams(\"Texto\")}🤨🧐🔇📢","buttons":[],"selectMenus":[],"attachments":[],"embeds":[],"reply":true,"ephemeral":false,"tts":false,"overwrite":false,"dontSend":false,"editMessage":"0","editMessageVarName":"","storage":"0","varName2":"","name":"Send Message"},{"channel":"0","varName":"","message":"${slashParams(\"Texto\")}🤨🧐🔇📢","buttons":[],"selectMenus":[],"attachments":[],"embeds":[],"reply":true,"ephemeral":false,"tts":false,"overwrite":false,"dontSend":false,"editMessage":"0","editMessageVarName":"","storage":"0","varName2":"","name":"Send Message"},{"channel":"0","varName":"","message":"${slashParams(\"Texto\")}🤨🧐🔇📢","buttons":[],"selectMenus":[],"attachments":[],"embeds":[],"reply":true,"ephemeral":false,"tts":false,"overwrite":false,"dontSend":false,"editMessage":"0","editMessageVarName":"","storage":"0","varName2":"","name":"Send Message"},{"channel":"0","varName":"","message":"${slashParams(\"Texto\")}🤨🧐🔇📢","buttons":[],"selectMenus":[],"attachments":[],"embeds":[],"reply":true,"ephemeral":false,"tts":false,"overwrite":false,"dontSend":false,"editMessage":"0","editMessageVarName":"","storage":"0","varName2":"","name":"Send Message"},{"channel":"0","varName":"","message":"${slashParams(\"Texto\")}🤨🧐🔇📢","buttons":[],"selectMenus":[],"attachments":[],"embeds":[],"reply":true,"ephemeral":false,"tts":false,"overwrite":false,"dontSend":false,"editMessage":"0","editMessageVarName":"","storage":"0","varName2":"","name":"Send Message"},{"channel":"0","varName":"","message":"${slashParams(\"Texto\")}🤨🧐🔇📢","buttons":[],"selectMenus":[],"attachments":[],"embeds":[],"reply":true,"ephemeral":false,"tts":false,"overwrite":false,"dontSend":false,"editMessage":"0","editMessageVarName":"","storage":"0","varName2":"","name":"Send Message"},{"channel":"0","varName":"","message":"${slashParams(\"Texto\")}🤨🧐🔇📢","buttons":[],"selectMenus":[],"attachments":[],"embeds":[],"reply":true,"ephemeral":false,"tts":false,"overwrite":false,"dontSend":false,"editMessage":"0","editMessageVarName":"","storage":"0","varName2":"","name":"Send Message"},{"channel":"0","varName":"","message":"${slashParams(\"Texto\")}🤨🧐🔇📢","buttons":[],"selectMenus":[],"attachments":[],"embeds":[],"reply":true,"ephemeral":false,"tts":false,"overwrite":false,"dontSend":false,"editMessage":"0","editMessageVarName":"","storage":"0","varName2":"","name":"Send Message"},{"channel":"0","varName":"","message":"${slashParams(\"Texto\")}🤨🧐🔇📢","buttons":[],"selectMenus":[],"attachments":[],"embeds":[],"reply":true,"ephemeral":false,"tts":false,"overwrite":false,"dontSend":false,"editMessage":"0","editMessageVarName":"","storage":"0","varName2":"","name":"Send Message"},{"channel":"0","varName":"","message":"${slashParams(\"Texto\")}🤨🧐🔇📢","buttons":[],"selectMenus":[],"attachments":[],"embeds":[],"reply":true,"ephemeral":false,"tts":false,"overwrite":false,"dontSend":false,"editMessage":"0","editMessageVarName":"","storage":"0","varName2":"","name":"Send Message"},{"channel":"0","varName":"","message":"${slashParams(\"Texto\")}🤨🧐🔇📢","buttons":[],"selectMenus":[],"attachments":[],"embeds":[],"reply":true,"ephemeral":false,"tts":false,"overwrite":false,"dontSend":false,"editMessage":"0","editMessageVarName":"","storage":"0","varName2":"","name":"Send Message"},{"channel":"0","varName":"","message":"${slashParams(\"Texto\")}🤨🧐🔇📢","buttons":[],"selectMenus":[],"attachments":[],"embeds":[],"reply":true,"ephemeral":false,"tts":false,"overwrite":false,"dontSend":false,"editMessage":"0","editMessageVarName":"","storage":"0","varName2":"","name":"Send Message"},{"channel":"0","varName":"","message":"${slashParams(\"Texto\")}🤨🧐🔇📢","buttons":[],"selectMenus":[],"attachments":[],"embeds":[],"reply":true,"ephemeral":false,"tts":false,"overwrite":false,"dontSend":false,"editMessage":"0","editMessageVarName":"","storage":"0","varName2":"","name":"Send Message"},{"channel":"0","varName":"","message":"${slashParams(\"Texto\")}🤨🧐🔇📢","buttons":[],"selectMenus":[],"attachments":[],"embeds":[],"reply":true,"ephemeral":false,"tts":false,"overwrite":false,"dontSend":false,"editMessage":"0","editMessageVarName":"","storage":"0","varName2":"","name":"Send Message"},{"channel":"0","varName":"","message":"${slashParams(\"Texto\")}🤨🧐🔇📢","buttons":[],"selectMenus":[],"attachments":[],"embeds":[],"reply":true,"ephemeral":false,"tts":false,"overwrite":false,"dontSend":false,"editMessage":"0","editMessageVarName":"","storage":"0","varName2":"","name":"Send Message"},{"channel":"0","varName":"","message":"${slashParams(\"Texto\")}🤨🧐🔇📢","buttons":[],"selectMenus":[],"attachments":[],"embeds":[],"reply":true,"ephemeral":false,"tts":false,"overwrite":false,"dontSend":false,"editMessage":"0","editMessageVarName":"","storage":"0","varName2":"","name":"Send Message"},{"channel":"0","varName":"","message":"${slashParams(\"Texto\")}🤨🧐🔇📢","buttons":[],"selectMenus":[],"attachments":[],"embeds":[],"reply":true,"ephemeral":false,"tts":false,"overwrite":false,"dontSend":false,"editMessage":"0","editMessageVarName":"","storage":"0","varName2":"","name":"Send Message"},{"channel":"0","varName":"","message":"${slashParams(\"Texto\")}🤨🧐🔇📢","buttons":[],"selectMenus":[],"attachments":[],"embeds":[],"reply":true,"ephemeral":false,"tts":false,"overwrite":false,"dontSend":false,"editMessage":"0","editMessageVarName":"","storage":"0","varName2":"","name":"Send Message"},{"channel":"0","varName":"","message":"${slashParams(\"Texto\")}🤨🧐🔇📢","buttons":[],"selectMenus":[],"attachments":[],"embeds":[],"reply":true,"ephemeral":false,"tts":false,"overwrite":false,"dontSend":false,"editMessage":"0","editMessageVarName":"","storage":"0","varName2":"","name":"Send Message"},{"channel":"0","varName":"","message":"${slashParams(\"Texto\")}🤨🧐🔇📢","buttons":[],"selectMenus":[],"attachments":[],"embeds":[],"reply":true,"ephemeral":false,"tts":false,"overwrite":false,"dontSend":false,"editMessage":"0","editMessageVarName":"","storage":"0","varName2":"","name":"Send Message"},{"channel":"0","varName":"","message":"${slashParams(\"Texto\")}🤨🧐🔇📢","buttons":[],"selectMenus":[],"attachments":[],"embeds":[],"reply":true,"ephemeral":false,"tts":false,"overwrite":false,"dontSend":false,"editMessage":"0","editMessageVarName":"","storage":"0","varName2":"","name":"Send Message"},{"channel":"0","varName":"","message":"${slashParams(\"Texto\")}🤨🧐🔇📢","buttons":[],"selectMenus":[],"attachments":[],"embeds":[],"reply":true,"ephemeral":false,"tts":false,"overwrite":false,"dontSend":false,"editMessage":"0","editMessageVarName":"","storage":"0","varName2":"","name":"Send Message"},{"channel":"0","varName":"","message":"${slashParams(\"Texto\")}🤨🧐🔇📢","buttons":[],"selectMenus":[],"attachments":[],"embeds":[],"reply":true,"ephemeral":false,"tts":false,"overwrite":false,"dontSend":false,"editMessage":"0","editMessageVarName":"","storage":"0","varName2":"","name":"Send Message"},{"channel":"0","varName":"","message":"${slashParams(\"Texto\")}🤨🧐🔇📢","buttons":[],"selectMenus":[],"attachments":[],"embeds":[],"reply":true,"ephemeral":false,"tts":false,"overwrite":false,"dontSend":false,"editMessage":"0","editMessageVarName":"","storage":"0","varName2":"","name":"Send Message"},{"channel":"0","varName":"","message":"${slashParams(\"Texto\")}🤨🧐🔇📢","buttons":[],"selectMenus":[],"attachments":[],"embeds":[],"reply":true,"ephemeral":false,"tts":false,"overwrite":false,"dontSend":false,"editMessage":"0","editMessageVarName":"","storage":"0","varName2":"","name":"Send Message"},{"channel":"0","varName":"","message":"${slashParams(\"Texto\")}🤨🧐🔇📢","buttons":[],"selectMenus":[],"attachments":[],"embeds":[],"reply":true,"ephemeral":false,"tts":false,"overwrite":false,"dontSend":false,"editMessage":"0","editMessageVarName":"","storage":"0","varName2":"","name":"Send Message"},{"channel":"0","varName":"","message":"${slashParams(\"Texto\")}🤨🧐🔇📢","buttons":[],"selectMenus":[],"attachments":[],"embeds":[],"reply":true,"ephemeral":false,"tts":false,"overwrite":false,"dontSend":false,"editMessage":"0","editMessageVarName":"","storage":"0","varName2":"","name":"Send Message"},{"channel":"0","varName":"","message":"${slashParams(\"Texto\")}🤨🧐🔇📢","buttons":[],"selectMenus":[],"attachments":[],"embeds":[],"reply":true,"ephemeral":false,"tts":false,"overwrite":false,"dontSend":false,"editMessage":"0","editMessageVarName":"","storage":"0","varName2":"","name":"Send Message"},{"channel":"0","varName":"","message":"${slashParams(\"Texto\")}🤨🧐🔇📢","buttons":[],"selectMenus":[],"attachments":[],"embeds":[],"reply":true,"ephemeral":false,"tts":false,"overwrite":false,"dontSend":false,"editMessage":"0","editMessageVarName":"","storage":"0","varName2":"","name":"Send Message"},{"channel":"0","varName":"","message":"${slashParams(\"Texto\")}🤨🧐🔇📢","buttons":[],"selectMenus":[],"attachments":[],"embeds":[],"reply":true,"ephemeral":false,"tts":false,"overwrite":false,"dontSend":false,"editMessage":"0","editMessageVarName":"","storage":"0","varName2":"","name":"Send Message"},{"channel":"0","varName":"","message":"${slashParams(\"Texto\")}🤨🧐🔇📢","buttons":[],"selectMenus":[],"attachments":[],"embeds":[],"reply":true,"ephemeral":false,"tts":false,"overwrite":false,"dontSend":false,"editMessage":"0","editMessageVarName":"","storage":"0","varName2":"","name":"Send Message"},{"channel":"0","varName":"","message":"${slashParams(\"Texto\")}🤨🧐🔇📢","buttons":[],"selectMenus":[],"attachments":[],"embeds":[],"reply":true,"ephemeral":false,"tts":false,"overwrite":false,"dontSend":false,"editMessage":"0","editMessageVarName":"","storage":"0","varName2":"","name":"Send Message"},{"channel":"0","varName":"","message":"${slashParams(\"Texto\")}🤨🧐🔇📢","buttons":[],"selectMenus":[],"attachments":[],"embeds":[],"reply":true,"ephemeral":false,"tts":false,"overwrite":false,"dontSend":false,"editMessage":"0","editMessageVarName":"","storage":"0","varName2":"","name":"Send Message"},{"channel":"0","varName":"","message":"${slashParams(\"Texto\")}🤨🧐🔇📢","buttons":[],"selectMenus":[],"attachments":[],"embeds":[],"reply":true,"ephemeral":false,"tts":false,"overwrite":false,"dontSend":false,"editMessage":"0","editMessageVarName":"","storage":"0","varName2":"","name":"Send Message"},{"channel":"0","varName":"","message":"${slashParams(\"Texto\")}🤨🧐🔇📢","buttons":[],"selectMenus":[],"attachments":[],"embeds":[],"reply":true,"ephemeral":false,"tts":false,"overwrite":false,"dontSend":false,"editMessage":"0","editMessageVarName":"","storage":"0","varName2":"","name":"Send Message"},{"channel":"0","varName":"","message":"${slashParams(\"Texto\")}🤨🧐🔇📢","buttons":[],"selectMenus":[],"attachments":[],"embeds":[],"reply":true,"ephemeral":false,"tts":false,"overwrite":false,"dontSend":false,"editMessage":"0","editMessageVarName":"","storage":"0","varName2":"","name":"Send Message"},{"channel":"0","varName":"","message":"${slashParams(\"Texto\")}🤨🧐🔇📢","buttons":[],"selectMenus":[],"attachments":[],"embeds":[],"reply":true,"ephemeral":false,"tts":false,"overwrite":false,"dontSend":false,"editMessage":"0","editMessageVarName":"","storage":"0","varName2":"","name":"Send Message"},{"channel":"0","varName":"","message":"${slashParams(\"Texto\")}🤨🧐🔇📢","buttons":[],"selectMenus":[],"attachments":[],"embeds":[],"reply":true,"ephemeral":false,"tts":false,"overwrite":false,"dontSend":false,"editMessage":"0","editMessageVarName":"","storage":"0","varName2":"","name":"Send Message"},{"channel":"0","varName":"","message":"${slashParams(\"Texto\")}🤨🧐🔇📢","buttons":[],"selectMenus":[],"attachments":[],"embeds":[],"reply":true,"ephemeral":false,"tts":false,"overwrite":false,"dontSend":false,"editMessage":"0","editMessageVarName":"","storage":"0","varName2":"","name":"Send Message"},{"channel":"0","varName":"","message":"${slashParams(\"Texto\")}🤨🧐🔇📢","buttons":[],"selectMenus":[],"attachments":[],"embeds":[],"reply":true,"ephemeral":false,"tts":false,"overwrite":false,"dontSend":false,"editMessage":"0","editMessageVarName":"","storage":"0","varName2":"","name":"Send Message"},{"channel":"0","varName":"","message":"${slashParams(\"Texto\")}🤨🧐🔇📢","buttons":[],"selectMenus":[],"attachments":[],"embeds":[],"reply":true,"ephemeral":false,"tts":false,"overwrite":false,"dontSend":false,"editMessage":"0","editMessageVarName":"","storage":"0","varName2":"","name":"Send Message"},{"channel":"0","varName":"","message":"${slashParams(\"Texto\")}🤨🧐🔇📢","buttons":[],"selectMenus":[],"attachments":[],"embeds":[],"reply":true,"ephemeral":false,"tts":false,"overwrite":false,"dontSend":false,"editMessage":"0","editMessageVarName":"","storage":"0","varName2":"","name":"Send Message"},{"channel":"0","varName":"","message":"${slashParams(\"Texto\")}🤨🧐🔇📢","buttons":[],"selectMenus":[],"attachments":[],"embeds":[],"reply":true,"ephemeral":false,"tts":false,"overwrite":false,"dontSend":false,"editMessage":"0","editMessageVarName":"","storage":"0","varName2":"","name":"Send Message"},{"channel":"0","varName":"","message":"${slashParams(\"Texto\")}🤨🧐🔇📢","buttons":[],"selectMenus":[],"attachments":[],"embeds":[],"reply":true,"ephemeral":false,"tts":false,"overwrite":false,"dontSend":false,"editMessage":"0","editMessageVarName":"","storage":"0","varName2":"","name":"Send Message"},{"channel":"0","varName":"","message":"${slashParams(\"Texto\")}🤨🧐🔇📢","buttons":[],"selectMenus":[],"attachments":[],"embeds":[],"reply":true,"ephemeral":false,"tts":false,"overwrite":false,"dontSend":false,"editMessage":"0","editMessageVarName":"","storage":"0","varName2":"","name":"Send Message"},{"channel":"0","varName":"","message":"${slashParams(\"Texto\")}🤨🧐🔇📢","buttons":[],"selectMenus":[],"attachments":[],"embeds":[],"reply":true,"ephemeral":false,"tts":false,"overwrite":false,"dontSend":false,"editMessage":"0","editMessageVarName":"","storage":"0","varName2":"","name":"Send Message"},{"channel":"0","varName":"","message":"${slashParams(\"Texto\")}🤨🧐🔇📢","buttons":[],"selectMenus":[],"attachments":[],"embeds":[],"reply":true,"ephemeral":false,"tts":false,"overwrite":false,"dontSend":false,"editMessage":"0","editMessageVarName":"","storage":"0","varName2":"","name":"Send Message"},{"channel":"0","varName":"","message":"${slashParams(\"Texto\")}🤨🧐🔇📢","buttons":[],"selectMenus":[],"attachments":[],"embeds":[],"reply":true,"ephemeral":false,"tts":false,"overwrite":false,"dontSend":false,"editMessage":"0","editMessageVarName":"","storage":"0","varName2":"","name":"Send Message"},{"channel":"0","varName":"","message":"${slashParams(\"Texto\")}🤨🧐🔇📢","buttons":[],"selectMenus":[],"attachments":[],"embeds":[],"reply":true,"ephemeral":false,"tts":false,"overwrite":false,"dontSend":false,"editMessage":"0","editMessageVarName":"","storage":"0","varName2":"","name":"Send Message"},{"channel":"0","varName":"","message":"${slashParams(\"Texto\")}🤨🧐🔇📢","buttons":[],"selectMenus":[],"attachments":[],"embeds":[],"reply":true,"ephemeral":false,"tts":false,"overwrite":false,"dontSend":false,"editMessage":"0","editMessageVarName":"","storage":"0","varName2":"","name":"Send Message"},{"channel":"0","varName":"","message":"${slashParams(\"Texto\")}🤨🧐🔇📢","buttons":[],"selectMenus":[],"attachments":[],"embeds":[],"reply":true,"ephemeral":false,"tts":false,"overwrite":false,"dontSend":false,"editMessage":"0","editMessageVarName":"","storage":"0","varName2":"","name":"Send Message"},{"channel":"0","varName":"","message":"${slashParams(\"Texto\")}🤨🧐🔇📢","buttons":[],"selectMenus":[],"attachments":[],"embeds":[],"reply":true,"ephemeral":false,"tts":false,"overwrite":false,"dontSend":false,"editMessage":"0","editMessageVarName":"","storage":"0","varName2":"","name":"Send Message"},{"channel":"0","varName":"","message":"${slashParams(\"Texto\")}🤨🧐🔇📢","buttons":[],"selectMenus":[],"attachments":[],"embeds":[],"reply":true,"ephemeral":false,"tts":false,"overwrite":false,"dontSend":false,"editMessage":"0","editMessageVarName":"","storage":"0","varName2":"","name":"Send Message"},{"channel":"0","varName":"","message":"${slashParams(\"Texto\")}🤨🧐🔇📢","buttons":[],"selectMenus":[],"attachments":[],"embeds":[],"reply":true,"ephemeral":false,"tts":false,"overwrite":false,"dontSend":false,"editMessage":"0","editMessageVarName":"","storage":"0","varName2":"","name":"Send Message"},{"channel":"0","varName":"","message":"${slashParams(\"Texto\")}🤨🧐🔇📢","buttons":[],"selectMenus":[],"attachments":[],"embeds":[],"reply":true,"ephemeral":false,"tts":false,"overwrite":false,"dontSend":false,"editMessage":"0","editMessageVarName":"","storage":"0","varName2":"","name":"Send Message"}],"comType":"4","description":"Erro","parameters":[{"name":"Texto","description":"Erro.txt","type":"STRING","required":true,"choices":null}]},{"name":"TeamBassline","permissions":"NONE","permissions2":"NONE","restriction":"1","_id":"LDXih","actions":[{"title":"Team Bassline","author":"","color":"","timestamp":"false","url":"","authorIcon":"","imageUrl":"","thumbUrl":"","storage":"1","varName":"embed","name":"Create Embed Message"},{"storage":"1","varName":"embed","message":"Olá! Nós da Equipe Bassline temos dois sites diferentes. Um para a nossa equipe e outro exclusivamente para um jogo nosso\nSomos uma equipe de games independente\nLinks: \nTeam Bassline: https://bit.ly/teambassline\nPintadinha BC: https://bit.ly/teambassline\n","name":"Set Embed Description"},{"storage":"1","varName":"embed","channel":"0","varName2":"","storage3":"0","varName3":"","name":"Send Embed Message"}],"comType":"4","description":"Mostra os trabalhos da equipe"},{"name":"assistir","permissions":"NONE","permissions2":"NONE","restriction":"4","_id":"Hrlkc","actions":[{"gameName":"${slashParams(\"ação\")}","gameLink":"","activityType":"WATCHING","name":"Set Bot Game"}],"comType":"4","parameters":[{"name":"ação","description":"","type":"STRING","required":true,"choices":null}]},{"name":"escutando","permissions":"NONE","permissions2":"NONE","restriction":"4","_id":"BWawF","actions":[{"gameName":"${slashParams(\"ação\")}","gameLink":"","activityType":"LISTENING","name":"Set Bot Game"}],"comType":"4","parameters":[{"name":"ação","description":"","type":"STRING","required":true,"choices":null}]},{"name":"jogar","permissions":"NONE","permissions2":"NONE","restriction":"4","_id":"iTcXs","actions":[{"gameName":"${slashParams(\"ação\")}","gameLink":"","activityType":"PLAYING","name":"Set Bot Game"}],"comType":"4","parameters":[{"name":"ação","description":"","type":"STRING","required":true,"choices":null}]},{"name":"transmitindo","permissions":"NONE","permissions2":"NONE","restriction":"4","_id":"ZkuKT","actions":[{"gameName":"${slashParams(\"ação\")}","gameLink":"","activityType":"STREAMING","name":"Set Bot Game"}],"comType":"4","parameters":[{"name":"ação","description":"","type":"STRING","required":true,"choices":null}]},{"name":"Avatar","permissions":"NONE","permissions2":"NONE","restriction":"1","_id":"PDsJv","actions":[{"member":"0","varName":"","storage":"1","varName2":"foto de perfil","name":"Create Image from Avatar"},{"storage":"1","varName":"foto de perfil","channel":"0","varName2":"","message":"Aí o que eu consegui fazer.","storage2":"0","varName3":"","name":"Send Image"}],"comType":"4","parameters":[{"name":"Usuário","description":"Insira o nome do usuário que deseja pegar a foto","type":"USER","required":true,"choices":null}],"description":"Pega a foto de alguém"},{"name":"Bloquear","permissions":"MANAGE_GUILD","permissions2":"NONE","restriction":"1","_id":"FZwbB","actions":[{"storage":"1","varName":"","permission":"SEND_MESSAGES","state":"1","reason":"${slashParams(\"Motivo\")}","name":"Set Channel Permissions"},{"title":"O canal de texto \"${slashParams(\"Canal\")}\" foi bloqueado com sucesso!","author":"","color":"","timestamp":"false","url":"","authorIcon":"","imageUrl":"","thumbUrl":"","storage":"1","varName":"embed","name":"Create Embed Message"},{"storage":"1","varName":"","message":"O canal de texto ${slashParams(\"Canal\")} foi bloqueado!\nMotivo: ${slashParams(\"Motivo\")}","name":"Set Embed Description"},{"storage":"1","varName":"embed","channel":"3","varName2":"","storage3":"0","varName3":"","name":"Send Embed Message"}],"comType":"4","parameters":[{"name":"Canal","description":"Coloque o canal que deseja bloquear","type":"CHANNEL","required":true,"choices":null},{"name":"Motivo","description":"Escreva o motivo","type":"STRING","required":true,"choices":null}],"description":"Bloqueia um canal de texto"},{"name":"Desbloquear","permissions":"NONE","permissions2":"NONE","restriction":"1","_id":"wHWix","actions":[{"storage":"1","varName":"","permission":"SEND_MESSAGES","state":"2","reason":".","name":"Set Channel Permissions"},{"title":"Canal de Texto desbloqueado","author":"","color":"","timestamp":"false","url":"","authorIcon":"","imageUrl":"","thumbUrl":"","storage":"1","varName":"membawwe","name":"Create Embed Message"},{"storage":"1","varName":"membawwe","message":"O canal de texto foi desbloqueado","name":"Set Embed Description"},{"storage":"1","varName":"membawwe","channel":"3","varName2":"","storage3":"0","varName3":"","name":"Send Embed Message"}],"comType":"4","parameters":[{"name":"Canal","description":"Selecione o canal que deseja desbloquear","type":"CHANNEL","required":true,"choices":null}],"description":"Desbloqueia o canal de texto bloqueado"},{"name":"BemVindo","permissions":"ADMINISTRATOR","permissions2":"NONE","restriction":"1","_id":"DZSSa","actions":[{"channel":"1","varName":"","info":"1","storage":"2","varName2":"entrada","name":"Store Channel Info"}],"comType":"4","parameters":[{"name":"Canal","description":"canal para receber a mensagem de boas-vindas","type":"CHANNEL","required":true,"choices":null}],"description":"Marque o canal que será usado para mim enviar as boas-vindas"},{"name":"Adeus","permissions":"ADMINISTRATOR","permissions2":"NONE","restriction":"1","_id":"tHKZU","actions":[{"channel":"1","varName":"","info":"1","storage":"2","varName2":"CanalAdeus","name":"Store Channel Info"}],"comType":"4","description":"Marque o canal que será enviado as mensagens de adeus.","parameters":[{"name":"Canal","description":"Marque o canal que você vai usar","type":"CHANNEL","required":true,"choices":null}]},{"name":"Punicoes","permissions":"ADMINISTRATOR","permissions2":"NONE","restriction":"1","_id":"PZFRS","actions":[{"channel":"1","varName":"","info":"1","storage":"2","varName2":"punicoes","name":"Store Channel Info"}],"comType":"4","description":"Marque o canal para exibir punições","parameters":[{"name":"Canal","description":"Coloque o canal","type":"CHANNEL","required":true,"choices":null}]},{"name":"Edit","permissions":"NONE","permissions2":"NONE","restriction":"4","_id":"uoWMj","actions":[{"member":"0","varName":"","storage":"1","varName2":"imagem","name":"Create Image from Avatar"},{"storage":"1","varName":"imagem","x":"0","y":"0","font":"fonts/Asimov.fnt","width":"10","text":"${slashParams(\"texto\")}","name":"Draw Text on Image"},{"storage":"1","varName":"imagem","channel":"0","varName2":"","message":"Tá aí!","storage2":"0","varName3":"","name":"Send Image"},{"channel":"0","varName":"","message":"Gostou? Saiba que a nossa equipe também faz jogos!","buttons":[{"name":"Clique aqui para ver!","type":"PRIMARY","id":"msg-button-8a9f7df","row":"","url":"https://bit.ly/teambassline","emoji":"","mode":"MULTI","time":"","actions":[]}],"selectMenus":[],"attachments":[],"embeds":[],"reply":true,"ephemeral":false,"tts":false,"overwrite":false,"dontSend":false,"editMessage":"0","editMessageVarName":"","storage":"0","varName2":"","name":"Send Message"}],"comType":"4","parameters":[{"name":"Avatar","description":"Foto de perfil","type":"USER","required":true,"choices":null},{"name":"texto","description":"","type":"STRING","required":true,"choices":null}]},{"name":"Servidores","permissions":"NONE","permissions2":"NONE","restriction":"3","_id":"lMvnu","actions":[{"info":"5","find":"${slashParams(\"usuário\")}","storage":"1","varName":"servers","name":"Find Server"},{"title":"Servidores","author":"","color":"","timestamp":"false","url":"","authorIcon":"","imageUrl":"","thumbUrl":"","storage":"1","varName":"embed","name":"Create Embed Message"},{"storage":"1","varName":"embed","message":"${tempVars(\"servers\")}","name":"Set Embed Description"},{"storage":"1","varName":"embed","channel":"1","varName2":"","storage3":"0","varName3":"","name":"Send Embed Message"}],"comType":"4","parameters":[{"name":"usuário","description":"escreva a ID do dono do servidor","type":"STRING","required":true,"choices":null}],"description":"Pesquisa os servidores de alguém (apenas por Direct)"},{"name":"Apagadas","permissions":"ADMINISTRATOR","permissions2":"NONE","restriction":"1","_id":"xzsgl","actions":[{"channel":"1","varName":"","info":"1","storage":"2","varName2":"apagada","name":"Store Channel Info"}],"comType":"4","description":"Canal para armazenar as mensagens apagadas","parameters":[{"name":"Canal","description":"Coloque o canal para armazenar o histórico","type":"CHANNEL","required":true,"choices":null}]}]