[null,{"name":"mjoin","temp":"mjoined","event-type":"6","_id":"PhhNp","actions":[{"member":"2","varName":"mjoined","info":"16","storage":"1","varName2":"avatar","name":"Store Member Info"},{"title":"Bem vindo","author":"","color":"","timestamp":"false","url":"","authorIcon":"","imageUrl":"","thumbUrl":"${tempVars(\"avatar\")}","storage":"1","varName":"embed","name":"Create Embed Message"},{"storage":"1","varName":"embed","message":"Seja muito bem vindo, ${tempVars(\"mjoined\")}!!\nAntes de continuar, recomendo que você leia as regras do nosso servidor! \n","name":"Set Embed Description"},{"storage":"1","varName":"embed","channel":"103","varName2":"${serverVars(\"entrada\")}","storage3":"0","varName3":"","name":"Send Embed Message"}]},{"name":"mleave","temp":"mleaved","event-type":"7","_id":"XSZUS","actions":[{"member":"2","varName":"mleaved","info":"16","storage":"1","varName2":"avatar","name":"Store Member Info"},{"title":"Ate mais","author":"","color":"","timestamp":"false","url":"","authorIcon":"","imageUrl":"","thumbUrl":"${tempVars(\"avatar\")}","storage":"1","varName":"embed","name":"Create Embed Message"},{"storage":"1","varName":"embed","message":"O ${tempVars(\"mleaved\")} saiu do servidor! :/","name":"Set Embed Description"},{"storage":"1","varName":"embed","channel":"103","varName2":"${serverVars(\"CanalAdeus\")}","storage3":"0","varName3":"","name":"Send Embed Message"}]},{"name":"pjoin","temp":"","event-type":"4","_id":"VoqNP","actions":[{"channel":"4","varName":"","message":"Olá, eu sou a Pintadinha e estou muito agradecida por você ter me adicionado no servidor.\nAntes de continuar recomendo que você termine a minha inicialização me ajustando usando os comandos:\n/Adeus (Canal) para marcar o canal que deseja que eu envie mensagens de saída de membros\n/BemVindo (Canal) para marcar o canal que deseja que eu envie mensagens de entrada\n/Punicoes (Canal) para marcar o canal que deseja que eu envie mensagens de punições feitas com meus comandos\n@everyone","buttons":[],"selectMenus":[],"attachments":[],"embeds":[],"reply":true,"ephemeral":false,"tts":false,"overwrite":false,"dontSend":false,"editMessage":"0","editMessageVarName":"","storage":"0","varName2":"","name":"Send Message"}]},{"name":"naosei","temp":"nebsa","event-type":"28","_id":"cFCSQ","actions":[{"storage":"1","varName":"nebsa","emoji":"4","varName2":"😼","varName3":"","name":"Add Reaction"}]},{"name":"deleted","temp":"message","event-type":"18","_id":"HyBpb","actions":[{"channel":"103","varName":"${serverVars(\"apagada\")}","message":"Mensagem apagada: \"${tempVars(\"message\")}\"","buttons":[],"selectMenus":[],"attachments":[],"embeds":[],"reply":true,"ephemeral":false,"tts":false,"overwrite":false,"dontSend":false,"editMessage":"0","editMessageVarName":"","storage":"0","varName2":"","name":"Send Message"}]}]